{"cameraMode":{"drawMode":0,"name":"Shaded","section":"Shading Mode"},"sceneLighting":true,"audioPlay":false,"sceneViewState":{"showFog":true,"showMaterialUpdate":false,"showSkybox":true,"showFlares":true,"showImageEffects":true,"showParticleSystems":true},"in2DMode":false,"pivot":{"x":781.7128295898438,"y":355.8508605957031,"z":479.05120849609377},"rotation":{"x":-0.075202576816082,"y":-0.030810315161943437,"z":0.002324700588360429,"w":-0.9966894388198853},"size":1351.6881103515625,"orthographic":false}